{
  "hash": "75186928",
  "configHash": "fa302e0d",
  "lockfileHash": "7946cd09",
  "browserHash": "5e05cda0",
  "optimized": {
    "@angular/common": {
      "src": "../../../../../../node_modules/@angular/common/fesm2022/common.mjs",
      "file": "@angular_common.js",
      "fileHash": "c8c8eb76",
      "needsInterop": false
    },
    "@angular/core": {
      "src": "../../../../../../node_modules/@angular/core/fesm2022/core.mjs",
      "file": "@angular_core.js",
      "fileHash": "cd05c718",
      "needsInterop": false
    },
    "@angular/platform-browser": {
      "src": "../../../../../../node_modules/@angular/platform-browser/fesm2022/platform-browser.mjs",
      "file": "@angular_platform-browser.js",
      "fileHash": "5f81c8cc",
      "needsInterop": false
    },
    "@angular/platform-browser/animations/async": {
      "src": "../../../../../../node_modules/@angular/platform-browser/fesm2022/animations/async.mjs",
      "file": "@angular_platform-browser_animations_async.js",
      "fileHash": "ba32d157",
      "needsInterop": false
    },
    "@angular/router": {
      "src": "../../../../../../node_modules/@angular/router/fesm2022/router.mjs",
      "file": "@angular_router.js",
      "fileHash": "f5ce5b40",
      "needsInterop": false
    },
    "@primeng/themes/aura": {
      "src": "../../../../../../node_modules/@primeng/themes/aura/index.mjs",
      "file": "@primeng_themes_aura.js",
      "fileHash": "35e752a3",
      "needsInterop": false
    },
    "primeng/api": {
      "src": "../../../../../../node_modules/primeng/fesm2022/primeng-api.mjs",
      "file": "primeng_api.js",
      "fileHash": "8e57c86f",
      "needsInterop": false
    },
    "primeng/button": {
      "src": "../../../../../../node_modules/primeng/fesm2022/primeng-button.mjs",
      "file": "primeng_button.js",
      "fileHash": "4c57f5a8",
      "needsInterop": false
    },
    "primeng/config": {
      "src": "../../../../../../node_modules/primeng/fesm2022/primeng-config.mjs",
      "file": "primeng_config.js",
      "fileHash": "9c4bf962",
      "needsInterop": false
    },
    "primeng/menubar": {
      "src": "../../../../../../node_modules/primeng/fesm2022/primeng-menubar.mjs",
      "file": "primeng_menubar.js",
      "fileHash": "259a54d7",
      "needsInterop": false
    }
  },
  "chunks": {
    "browser-IBYAICPW": {
      "file": "browser-IBYAICPW.js"
    },
    "chunk-6ZXQEUIU": {
      "file": "chunk-6ZXQEUIU.js"
    },
    "chunk-VZ3VT7OM": {
      "file": "chunk-VZ3VT7OM.js"
    },
    "chunk-WWFGDI3Q": {
      "file": "chunk-WWFGDI3Q.js"
    },
    "chunk-ZJSEYYTN": {
      "file": "chunk-ZJSEYYTN.js"
    },
    "chunk-6B7CE4NF": {
      "file": "chunk-6B7CE4NF.js"
    },
    "chunk-T3E6ERL3": {
      "file": "chunk-T3E6ERL3.js"
    },
    "chunk-P2MEMLSL": {
      "file": "chunk-P2MEMLSL.js"
    },
    "chunk-WDMUDEB6": {
      "file": "chunk-WDMUDEB6.js"
    }
  }
}